Date,Close
02 01 2019,499.7902222
03 01 2019,495.868988
04 01 2019,497.1955261
07 01 2019,497.9470215
08 01 2019,493.8026123
09 01 2019,497.0429688
10 01 2019,495.0940552
11 01 2019,495.892334
14 01 2019,493.4856262
15 01 2019,498.240509
16 01 2019,497.8414001
17 01 2019,500.6825562
18 01 2019,500.2011414
21 01 2019,504.4042358
22 01 2019,501.5161438
23 01 2019,494.3660583
24 01 2019,493.6264954
25 01 2019,492.1589661
28 01 2019,489.3764343
29 01 2019,483.142334
30 01 2019,477.7651978
31 01 2019,488.3902893
01 02 2019,490.8557434
04 02 2019,494.2487793
05 02 2019,496.3973389
06 02 2019,498.4165955
07 02 2019,497.1486511
08 02 2019,498.4165955
11 02 2019,502.4083252
12 02 2019,500.071991
14 02 2019,495.4932251
15 02 2019,493.2508545
18 02 2019,490.7265625
19 02 2019,489.3530273
20 02 2019,495.0588989
21 02 2019,496.8316345
22 02 2019,491.0905151
25 02 2019,499.0623474
26 02 2019,495.598877
27 02 2019,491.2784119
28 02 2019,487.8267212
01 03 2019,489.1886597
05 03 2019,494.7653809
06 03 2019,494.0960999
07 03 2019,499.3206482
08 03 2019,499.7197571
11 03 2019,499.7785034
12 03 2019,509.7696228
13 03 2019,522.8132935
14 03 2019,522.390564
15 03 2019,529.0239258
18 03 2019,531.0080566
19 03 2019,532.4873657
20 03 2019,539.8251343
22 03 2019,534.4596558
25 03 2019,535.6690063
26 03 2019,542.7249146
27 03 2019,539.9307251
28 03 2019,540.7174072
01 04 2019,542.8306274
02 04 2019,538.850708
03 04 2019,538.3575439
04 04 2019,536.2911377
05 04 2019,541.3748779
08 04 2019,537.5708618
09 04 2019,537.06604
10 04 2019,525.3491211
11 04 2019,530.0805664
12 04 2019,531.9003906
15 04 2019,537.4300537
16 04 2019,541.2457275
18 04 2019,538.5689087
22 04 2019,532.7103882
23 04 2019,527.2158813
24 04 2019,535.3051147
25 04 2019,531.4776611
26 04 2019,535.586853
30 04 2019,544.1573486
02 05 2019,553.1622314
03 05 2019,556.0151978
06 05 2019,546.7402344
07 05 2019,545.3079834
08 05 2019,541.7623291
09 05 2019,537.9231567
10 05 2019,539.2381592
13 05 2019,537.0543213
14 05 2019,537.218811
15 05 2019,536.9369507
16 05 2019,542.5606079
17 05 2019,554.6416016
20 05 2019,571.1369019
21 05 2019,564.4095459
22 05 2019,564.8909302
23 05 2019,547.59729
24 05 2019,557.2831421
27 05 2019,565.5015259
28 05 2019,567.3447876
29 05 2019,567.5089722
30 05 2019,572.8275146
31 05 2019,569.4931641
03 06 2019,576.9483643
04 06 2019,575.8212891
06 06 2019,569.0236206
07 06 2019,574.7294312
10 06 2019,572.9800415
11 06 2019,574.9055176
12 06 2019,569.8924561
13 06 2019,574.0367432
14 06 2019,571.7825928
17 06 2019,568.706604
18 06 2019,567.5911255
19 06 2019,570.1976929
20 06 2019,573.269165
21 06 2019,570.3983765
24 06 2019,571.2844238
25 06 2019,573.8244019
26 06 2019,583.0859375
27 06 2019,581.7630005
28 06 2019,577.380127
01 07 2019,587.2561646
02 07 2019,589.4888916
03 07 2019,588.2247925
04 07 2019,586.8427124
05 07 2019,584.1491699
08 07 2019,569.3116455
09 07 2019,562.1172485
10 07 2019,564.3853149
11 07 2019,568.7327271
12 07 2019,565.6021118
15 07 2019,565.8030396
16 07 2019,564.9642334
17 07 2019,566.440918
18 07 2019,569.8549194
19 07 2019,561.2902832
22 07 2019,542.7669067
23 07 2019,534.7927856
24 07 2019,538.9038086
25 07 2019,540.1207275
26 07 2019,538.0532837
29 07 2019,530.2564697
30 07 2019,532.1348267
31 07 2019,531.993042
01 08 2019,526.1086426
02 08 2019,524.3446045
05 08 2019,516.0330811
06 08 2019,518.3655396
07 08 2019,517.1578979
08 08 2019,528.7963257
09 08 2019,540.3637085
13 08 2019,525.7653809
14 08 2019,527.920166
16 08 2019,527.5057983
19 08 2019,522.5686035
20 08 2019,525.8245239
21 08 2019,527.067749
22 08 2019,514.8136597
23 08 2019,512.1141968
26 08 2019,534.2425537
27 08 2019,535.142395
28 08 2019,532.1942749
29 08 2019,527.328186
30 08 2019,527.5650024
03 09 2019,523.5394897
04 09 2019,532.2536011
05 09 2019,529.2698364
06 09 2019,531.8154297
09 09 2019,532.6915894
11 09 2019,533.0941772
12 09 2019,537.7234497
13 09 2019,534.550354
16 09 2019,531.401001
17 09 2019,523.6342163
18 09 2019,518.0459595
19 09 2019,521.4439087
20 09 2019,568.1159668
23 09 2019,595.4182739
24 09 2019,593.7843628
25 09 2019,587.1068115
26 09 2019,588.4328613
27 09 2019,589.2379761
30 09 2019,581.305481
01 10 2019,591.4164429
03 10 2019,579.4584961
04 10 2019,563.4274292
07 10 2019,562.1013794
09 10 2019,581.6369019
10 10 2019,568.5658569
11 10 2019,567.7370605
14 10 2019,570.3891602
15 10 2019,579.2216187
16 10 2019,578.2980347
17 10 2019,577.7772217
18 10 2019,582.0393677
22 10 2019,586.9174194
23 10 2019,588.0065918
24 10 2019,585.4019165
25 10 2019,582.0393677
27 10 2019,586.159668
29 10 2019,588.4328613
30 10 2019,591.2033691
31 10 2019,582.6786499
01 11 2019,587.272644
04 11 2019,585.757019
05 11 2019,587.012085
06 11 2019,595.1340332
07 11 2019,598.4728394
08 11 2019,594.6368408
11 11 2019,598.9702148
13 11 2019,595.5603638
14 11 2019,603.3034668
15 11 2019,605.197876
18 11 2019,597.6915283
19 11 2019,602.3563843
20 11 2019,603.0430298
21 11 2019,607.7789917
22 11 2019,598.9702148
25 11 2019,601.9775391
26 11 2019,603.8481445
27 11 2019,605.4346313
28 11 2019,599.2307739
29 11 2019,603.8007813
02 12 2019,599.4437256
03 12 2019,594.5421753
04 12 2019,592.7662964
05 12 2019,589.9009399
06 12 2019,590.1140747
09 12 2019,588.6460571
10 12 2019,591.7479858
11 12 2019,591.3927612
12 12 2019,598.4255981
13 12 2019,598.5440063
16 12 2019,595.4655762
17 12 2019,601.9775391
18 12 2019,612.0411987
19 12 2019,610.3599854
20 12 2019,614.1013184
23 12 2019,616.8007813
24 12 2019,610.5257568
26 12 2019,601.6696167
27 12 2019,603.8245239
30 12 2019,607.2105713
31 12 2019,602.4510498
01 01 2020,605.5292969
02 01 2020,609.3891602
03 01 2020,600.6987915
06 01 2020,587.6987305
07 01 2020,597.0048218
08 01 2020,595.4420166
09 01 2020,602.1196289
10 01 2020,607.4710083
13 01 2020,609.0338745
14 01 2020,610.6914673
15 01 2020,608.2051392
16 01 2020,609.8153687
17 01 2020,605.3162842
20 01 2020,594.3052979
21 01 2020,589.309021
22 01 2020,587.6514893
23 01 2020,589.5457153
24 01 2020,589.4037476
27 01 2020,574.5567627
28 01 2020,579.2925415
29 01 2020,585.2835083
30 01 2020,580.642334
31 01 2020,580.7607422
03 02 2020,564.8955688
04 02 2020,582.4182739
05 02 2020,589.4510498
06 02 2020,587.1542358
07 02 2020,588.2907715
10 02 2020,587.3910522
11 02 2020,587.53302
12 02 2020,591.5111084
13 02 2020,587.9119263
14 02 2020,577.4692993
17 02 2020,576.4273682
18 02 2020,574.5803833
19 02 2020,581.1870117
20 02 2020,576.4037476
24 02 2020,573.0175171
25 02 2020,568.4474487
26 02 2020,567.9502563
27 02 2020,568.0449219
28 02 2020,557.7207642
02 03 2020,558.6442261
03 03 2020,559.6861572
04 03 2020,544.0813599
05 03 2020,545.2653809
06 03 2020,537.4748535
09 03 2020,524.4038086
11 03 2020,527.4821167
12 03 2020,483.6752319
13 03 2020,506.6442566
16 03 2020,473.3510437
17 03 2020,461.7954712
18 03 2020,415.2891541
19 03 2020,424.1215515
20 03 2020,418.1069946
23 03 2020,365.396698
24 03 2020,363.5733643
25 03 2020,405.7463379
26 03 2020,426.7499695
27 03 2020,428.3365479
30 03 2020,393.859314
31 03 2020,408.1853638
01 04 2020,392.9121399
03 04 2020,385.4294128
07 04 2020,424.3820496
08 04 2020,420.972229
09 04 2020,438.0924072
13 04 2020,424.026825
15 04 2020,408.8483582
16 04 2020,416.6388855
17 04 2020,431.1069946
20 04 2020,447.4694519
21 04 2020,436.4822083
22 04 2020,439.7736206
23 04 2020,452.2527161
24 04 2020,444.249054
27 04 2020,440.2945862
28 04 2020,441.0997009
29 04 2020,462.7426453
30 04 2020,474.4402466
04 05 2020,437.1215515
05 05 2020,431.6516113
06 05 2020,448.2035217
07 05 2020,438.0687256
08 05 2020,439.9867554
11 05 2020,433.711731
12 05 2020,426.9630737
13 05 2020,439.3237305
14 05 2020,423.2453918
15 05 2020,420.6170349
18 05 2020,396.2272644
19 05 2020,393.3857422
20 05 2020,405.9121094
21 05 2020,407.0723877
22 05 2020,397.2691345
26 05 2020,403.6862793
27 05 2020,427.9576416
28 05 2020,447.658905
29 05 2020,450.6898804
01 06 2020,467.7390137
02 06 2020,474.0613708
03 06 2020,484.1251526
04 06 2020,474.3929138
05 06 2020,489.381958
08 06 2020,481.1178589
09 06 2020,467.5732422
10 06 2020,469.7280884
11 06 2020,458.7171326
12 06 2020,465.418457
15 06 2020,449.8373718
16 06 2020,469.0414124
17 06 2020,463.7608337
18 06 2020,483.0358887
19 06 2020,489.381958
22 06 2020,487.2034302
23 06 2020,493.6206055
24 06 2020,488.9794006
25 06 2020,487.2034302
26 06 2020,500.3217773
29 06 2020,509.604248
30 06 2020,504.7735901
01 07 2020,513.6532593
02 07 2020,515.9266357
03 07 2020,508.6095886
06 07 2020,522.3673096
07 07 2020,523.3856201
08 07 2020,525.8482056
09 07 2020,532.7626343
10 07 2020,523.3618164
13 07 2020,511.5932922
14 07 2020,501.4584351
15 07 2020,498.7590637
16 07 2020,503.2107544
17 07 2020,520.2125244
20 07 2020,536.5986938
21 07 2020,539.2033691
22 07 2020,533.4256592
23 07 2020,535.34375
24 07 2020,529.9920044
27 07 2020,511.2379456
28 07 2020,514.6242065
29 07 2020,504.1815796
30 07 2020,497.5750427
31 07 2020,489.1214905
03 08 2020,474.5349731
04 08 2020,493.3127747
05 08 2020,486.6351929
06 08 2020,492.8627625
07 08 2020,494.3546753
10 08 2020,497.5750427
11 08 2020,505.1524658
12 08 2020,503.7553711
13 08 2020,501.5532227
14 08 2020,489.9028931
17 08 2020,489.0978394
18 08 2020,500.3454895
19 08 2020,505.1287842
20 08 2020,501.5294495
21 08 2020,514.1506348
24 08 2020,529.0213013
25 08 2020,530.2762451
26 08 2020,529.6842651
27 08 2020,526.677002
28 08 2020,527.8135986
31 08 2020,528.4530029
01 09 2020,533.8755493
02 09 2020,537.1196289
03 09 2020,535.5803833
04 09 2020,530.086853
07 09 2020,525.9192505
08 09 2020,526.8427734
09 09 2020,519.2891235
10 09 2020,516.4711914
11 09 2020,510.8355103
14 09 2020,501.0322266
15 09 2020,506.975708
16 09 2020,517.9393311
17 09 2020,513.1796875
18 09 2020,500.7243958
21 09 2020,496.9356995
22 09 2020,490.3528442
23 09 2020,495.9649048
24 09 2020,487.9848938
25 09 2020,494.4256287
28 09 2020,499.2562561
29 09 2020,503.2107544
30 09 2020,510.8117981
01 10 2020,524.2380371
05 10 2020,527.7425537
06 10 2020,541.8317871
07 10 2020,550.4274292
08 10 2020,564.4219971
09 10 2020,584.1942749
12 10 2020,574.7698364
13 10 2020,567.5712891
14 10 2020,573.7516479
15 10 2020,553.7425537
16 10 2020,567.9975586
19 10 2020,569.9866943
20 10 2020,579.6478271
21 10 2020,590.421875
22 10 2020,584.0758057
23 10 2020,585.2598267
26 10 2020,573.4674072
27 10 2020,583.9810791
28 10 2020,572.8518066
29 10 2020,562.2433472
30 10 2020,560.5149536
02 11 2020,575.5276489
03 11 2020,591.013916
04 11 2020,595.4893188
05 11 2020,601.0776367
06 11 2020,619.2871704
09 11 2020,634.8681641
10 11 2020,660.015686
11 11 2020,658.2633667
12 11 2020,649.6204224
13 11 2020,643.5111694
14 11 2020,648.6731567
17 11 2020,667.0246582
18 11 2020,667.1431274
19 11 2020,650.8754272
20 11 2020,664.7515869
23 11 2020,660.4656372
24 11 2020,681.1139526
25 11 2020,664.348999
26 11 2020,675.644104
27 11 2020,682.3689575
01 12 2020,678.793396
02 12 2020,666.3143921
03 12 2020,652.2250977
04 12 2020,656.2033081
07 12 2020,649.8809204
08 12 2020,651.7988892
09 12 2020,666.4327393
10 12 2020,656.3215942
11 12 2020,654.8773193
14 12 2020,649.8335571
15 12 2020,658.90271
16 12 2020,668.090332
17 12 2020,682.8189697
18 12 2020,668.3981323
21 12 2020,650.0702515
22 12 2020,650.2834473
23 12 2020,651.4911499
24 12 2020,661.6494751
28 12 2020,669.1085815
29 12 2020,675.904541
30 12 2020,678.4146118
31 12 2020,680.2142334
01 01 2021,674.8863525
04 01 2021,670.6003418
05 01 2021,675.6677246
06 01 2021,672.755188
07 01 2021,670.71875
08 01 2021,678.012085
11 01 2021,687.3890381
12 01 2021,701.383606
13 01 2021,696.4819336
14 01 2021,695.5820923
15 01 2021,694.5875854
18 01 2021,702.3780518
19 01 2021,712.2050171
20 01 2021,706.5930176
21 01 2021,698.4473877
22 01 2021,683.647644
25 01 2021,692.7879639
27 01 2021,667.5693359
28 01 2021,649.5020752
29 01 2021,658.5239258
01 02 2021,699.3707275
02 02 2021,739.0574951
03 02 2021,745.8060913
04 02 2021,747.8424683
05 02 2021,756.6040039
08 02 2021,760.2269287
09 02 2021,763.352478
10 02 2021,749.0975342
11 02 2021,744.645813
12 02 2021,749.1922607
15 02 2021,765.6019897
16 02 2021,770.3616943
17 02 2021,751.3470459
18 02 2021,736.0976563
19 02 2021,728.8989868
22 02 2021,733.1139526
23 02 2021,724.1868286
24 02 2021,760.795105
25 02 2021,760.7714844
26 02 2021,726.6730957
01 03 2021,738.276062
02 03 2021,742.6803589
03 03 2021,751.5128174
04 03 2021,735.0319824
05 03 2021,724.5893555
08 03 2021,719.6166382
09 03 2021,739.9810181
10 03 2021,736.7842407
12 03 2021,734.9845581
15 03 2021,723.9499512
16 03 2021,716.1358643
17 03 2021,708.1795654
18 03 2021,706.1194458
19 03 2021,709.1977539
22 03 2021,695.7715454
23 03 2021,710.4527588
24 03 2021,700.3416748
25 03 2021,693.0246582
26 03 2021,706.2615356
30 03 2021,735.8134766
31 03 2021,707.3745117
01 04 2021,704.1066895
05 04 2021,686.5128784
06 04 2021,682.0848389
07 04 2021,685.3762817
08 04 2021,678.5566406
09 04 2021,673.3234253
12 04 2021,647.4182739
13 04 2021,663.1887207
15 04 2021,677.2778931
16 04 2021,676.5911865
19 04 2021,668.8953857
20 04 2021,658.9500732
22 04 2021,673.6786499
23 04 2021,669.7242432
26 04 2021,665.2962036
27 04 2021,681.3508301
28 04 2021,699.3945313
29 04 2021,697.3580322
30 04 2021,668.8481445
03 05 2021,669.866272
04 05 2021,657.5056152
05 05 2021,664.2542725
06 05 2021,663.4492188
07 05 2021,670.0083618
10 05 2021,672.423645
11 05 2021,664.7042236
12 05 2021,662.7861938
14 05 2021,656.7952881
17 05 2021,682.0848389
18 05 2021,699.3471069
19 05 2021,690.5858154
20 05 2021,678.5566406
21 05 2021,709.1030273
24 05 2021,715.0939331
25 05 2021,700.4127197
26 05 2021,699.5129395
27 05 2021,702.1650391
28 05 2021,712.015625
31 05 2021,717.8881226
01 06 2021,715.9226074
02 06 2021,712.276062
03 06 2021,720.1139526
04 06 2021,710.831604
07 06 2021,710.3106689
08 06 2021,702.3544922
09 06 2021,701.052063
10 06 2021,701.4071655
11 06 2021,703.9172363
14 06 2021,700.6494751
15 06 2021,705.7642822
16 06 2021,703.0884399
17 06 2021,694.3270874
18 06 2021,700.8152466
21 06 2021,705.0300903
22 06 2021,702.7095947
23 06 2021,703.5146484
24 06 2021,713.3417358
25 06 2021,717.5328979
28 06 2021,714.3361816
29 06 2021,714.4313965
30 06 2021,712.4574585
01 07 2021,707.1540527
02 07 2021,704.1338501
05 07 2021,711.2921143
06 07 2021,729.9608765
07 07 2021,732.2438965
08 07 2021,723.1829834
09 07 2021,714.4074707
12 07 2021,707.2730103
13 07 2021,714.3361206
14 07 2021,713.0519409
15 07 2021,723.3019409
16 07 2021,724.086731
19 07 2021,699.6627808
20 07 2021,686.4161987
22 07 2021,689.0559692
23 07 2021,686.2260742
26 07 2021,682.3258057
27 07 2021,684.7991333
28 07 2021,674.1209717
29 07 2021,674.572876
30 07 2021,678.4730835
02 08 2021,676.6657104
03 08 2021,682.3970947
04 08 2021,696.9515991
05 08 2021,706.2502441
06 08 2021,709.9603882
09 08 2021,715.3112793
10 08 2021,717.0949707
11 08 2021,711.0541992
12 08 2021,714.1221313
13 08 2021,725.9179077
16 08 2021,728.0107422
17 08 2021,720.4243774
18 08 2021,719.6395874
20 08 2021,720.4718628
23 08 2021,725.1569214
24 08 2021,741.4475098
25 08 2021,740.7578125
26 08 2021,739.5212402
27 08 2021,736.5008545
30 08 2021,745.9185181
31 08 2021,752.1731567
01 09 2021,751.0791626
02 09 2021,755.7880859
03 09 2021,749.6286011
06 09 2021,744.7056274
07 09 2021,746.394165
08 09 2021,749.7949829
09 09 2021,746.0848999
13 09 2021,739.8779297
14 09 2021,736.5484619
15 09 2021,735.7160645
16 09 2021,741.9707031
17 09 2021,752.5299072
20 09 2021,741.9231567
21 09 2021,738.1656494
22 09 2021,729.4851685
23 09 2021,746.7509155
24 09 2021,761.7572632
27 09 2021,772.9585571
28 09 2021,768.1782837
29 09 2021,758.0948486
30 09 2021,758.618103
01 10 2021,752.7915039
04 10 2021,754.2421265
05 10 2021,758.855896
06 10 2021,768.1069946
07 10 2021,766.0141602
08 10 2021,762.2803955
11 10 2021,777.0966187
12 10 2021,775.098877
13 10 2021,779.7601929
14 10 2021,802.5907593
18 10 2021,794.4573364
19 10 2021,803.2090454
20 10 2021,796.145813
21 10 2021,797.3111572
22 10 2021,799.4277344
25 10 2021,788.1313477
26 10 2021,786.1098633
27 10 2021,781.3773193
28 10 2021,757.9758911
29 10 2021,752.862854
01 11 2021,763.5408936
02 11 2021,764.2305908
03 11 2021,752.1968384
04 11 2021,758.142395
08 11 2021,761.138916
09 11 2021,747.821106
10 11 2021,739.7352295
11 11 2021,736.4295654
12 11 2021,738.6651001
15 11 2021,740.6865234
16 11 2021,736.2868652
17 11 2021,728.105896
18 11 2021,732.1963501
22 11 2021,720.7572021
23 11 2021,720.852478
24 11 2021,722.0415649
25 11 2021,725.7990112
26 11 2021,708.6522827
29 11 2021,714.0507813
30 11 2021,710.3883667
01 12 2021,715.6680298
02 12 2021,725.7039795
03 12 2021,719.9011841
06 12 2021,715.2637329
07 12 2021,725.6800537
08 12 2021,739.0455322
09 12 2021,726.2271118
10 12 2021,724.1819458
13 12 2021,718.7597046
14 12 2021,714.621582
15 12 2021,713.4562988
16 12 2021,713.5037842
17 12 2021,700.6378174
20 12 2021,678.0926514
21 12 2021,685.7741699
22 12 2021,687.3912964
23 12 2021,686.868103
24 12 2021,684.3948975
27 12 2021,690.0548706
28 12 2021,694.8112183
29 12 2021,691.5056152
30 12 2021,695.1442261
31 12 2021,703.6582031
03 01 2022,722.8024902
04 01 2022,727.0357056
05 01 2022,744.3013916
06 01 2022,732.362854
07 01 2022,737.4997559
10 01 2022,741.590271
11 01 2022,744.8007813
12 01 2022,740.401123
13 01 2022,726.7741699
14 01 2022,734.9313354
17 01 2022,723.6824341
18 01 2022,727.3686523
19 01 2022,722.2317505
20 01 2022,717.7369385
21 01 2022,723.7301025
24 01 2022,707.1065063
25 01 2022,707.7723999
27 01 2022,701.5415039
28 01 2022,695.9766235
31 01 2022,706.654541
01 02 2022,712.0293579
02 02 2022,728.2960815
03 02 2022,720.7572021
04 02 2022,724.871582
07 02 2022,698.3071899
08 02 2022,695.31073
09 02 2022,712.3146973
10 02 2022,725.3947754
11 02 2022,722.4220581
14 02 2022,700.9470215
15 02 2022,721.9226685
16 02 2022,720.9475708
17 02 2022,716.5478516
18 02 2022,719.3303833
21 02 2022,723.9678955
22 02 2022,718.5455322
23 02 2022,713.8843384
24 02 2022,675.119873
25 02 2022,692.5758057
28 02 2022,678.3779907
02 03 2022,653.6448364
03 03 2022,652.0990601
04 03 2022,649.9586792
07 03 2022,630.1246338
08 03 2022,631.5514526
09 03 2022,652.1704712
10 03 2022,662.4202881
11 03 2022,664.3704834
14 03 2022,686.1308594
15 03 2022,677.3077393
16 03 2022,688.7944336
17 03 2022,703.9673462
21 03 2022,707.0351563
22 03 2022,710.6738281
23 03 2022,703.5866699
24 03 2022,686.1784668
25 03 2022,680.5896606
28 03 2022,681.4934692
29 03 2022,690.5305786
30 03 2022,702.4927979
31 03 2022,699.3535767
01 04 2022,716.3101196
04 04 2022,788.0362549
05 04 2022,764.9439697
06 04 2022,737.642334
07 04 2022,721.4232178
08 04 2022,720.4243774
11 04 2022,711.625061
12 04 2022,710.364624
13 04 2022,696.7850952
18 04 2022,663.7283936
19 04 2022,638.4006958
20 04 2022,644.1558838
21 04 2022,653.6924438
22 04 2022,644.7741699
25 04 2022,649.6019287
26 04 2022,652.5985107
27 04 2022,652.8363037
28 04 2022,652.2655029
29 04 2022,658.567749
02 05 2022,667.6523438
04 05 2022,644.9645386
05 05 2022,643.5137329
06 05 2022,626.6999512
09 05 2022,627.7701416
10 05 2022,637.8536987
11 05 2022,641.4447021
12 05 2022,626.9856567
13 05 2022,621.355957
16 05 2022,627.9719849
17 05 2022,632.2543945
18 05 2022,632.2062988
19 05 2022,619.2870483
20 05 2022,635.5985107
23 05 2022,627.442749
24 05 2022,634.6361694
25 05 2022,639.3757324
26 05 2022,657.6119385
27 05 2022,669.8095703
30 05 2022,674.3807373
31 05 2022,668.3179321
01 06 2022,671.1567993
02 06 2022,666.4654541
03 06 2022,664.1558838
06 06 2022,663.265686
07 06 2022,655.6392212
08 06 2022,657.9487915
09 06 2022,662.9047852
10 06 2022,650.1057129
13 06 2022,638.3171387
14 06 2022,631.2921143
15 06 2022,629.1027832
16 06 2022,616.5202637
17 06 2022,620.5861206
20 06 2022,636.1759644
21 06 2022,643.1047974
22 06 2022,640.0734253
23 06 2022,642.4311523
24 06 2022,651.4049683
27 06 2022,652.5837402
28 06 2022,647.6036987
29 06 2022,646.6653442
30 06 2022,648.6141968
01 07 2022,651.3808594
04 07 2022,652.2950439
05 07 2022,650.8275146
06 07 2022,659.8012695
07 07 2022,671.6139526
08 07 2022,672.239502
11 07 2022,676.5940552
12 07 2022,669.6893311
13 07 2022,653.3536377
14 07 2022,650.0817261
15 07 2022,655.3745728
18 07 2022,648.3977051
19 07 2022,648.6381836
20 07 2022,656.8180542
21 07 2022,654.7490234
22 07 2022,670.026062
25 07 2022,671.9989014
26 07 2022,670.6275635
27 07 2022,675.7519531
28 07 2022,681.7425537
29 07 2022,690.0907593
01 08 2022,695.8408203
02 08 2022,688.1901855
03 08 2022,689.802063
04 08 2022,688.9840698
05 08 2022,686.6505127
08 08 2022,703.491394
10 08 2022,705.5362549
11 08 2022,714.8709106
12 08 2022,714.6062012
16 08 2022,722.7861328
17 08 2022,726.5152588
18 08 2022,727.3812866
19 08 2022,718.4075928
22 08 2022,707.4849854
23 08 2022,705.2957153
24 08 2022,708.6879272
25 08 2022,704.838562
26 08 2022,704.9588623
29 08 2022,692.5928955
30 08 2022,715.0634155
01 09 2022,708.3511353
02 09 2022,714.7747192
05 09 2022,719.369873
06 09 2022,716.6271362
07 09 2022,713.2349243
08 09 2022,720.5968628
09 09 2022,721.0780029
12 09 2022,718.6481323
13 09 2022,728.0548706
14 09 2022,735.5371094
15 09 2022,731.711792
16 09 2022,718.2631836
19 09 2022,723.0026855
20 09 2022,731.711792
21 09 2022,730.5810547
22 09 2022,715.0153198
23 09 2022,695.8408203
26 09 2022,686.4580078
27 09 2022,680.2990723
28 09 2022,668.6066895
29 09 2022,665.1422119
30 09 2022,683.9077759
03 10 2022,679.9862671
04 10 2022,699.1367798
06 10 2022,691.4380493
07 10 2022,688.4547729
10 10 2022,680.852356
11 10 2022,673.9476318
12 10 2022,678.3503418
13 10 2022,670.5553589
14 10 2022,692.4004517
17 10 2022,696.0332642
18 10 2022,694.7340698
19 10 2022,701.8554077
20 10 2022,697.1159058
21 10 2022,692.2078857
24 10 2022,703.0101318
25 10 2022,698.1263428
27 10 2022,699.8103638
28 10 2022,701.8793335
31 10 2022,720.1637573
01 11 2022,728.1271362
02 11 2022,728.5841675
03 11 2022,725.3844604
04 11 2022,720.3803101
07 11 2022,725.9859009
09 11 2022,725.7693481
10 11 2022,733.6605225
11 11 2022,775.2334595
14 11 2022,777.1099243
15 11 2022,779.0106201
16 11 2022,785.6987915
17 11 2022,778.6016235
18 11 2022,776.5566406
21 11 2022,768.5933228
22 11 2022,767.4625854
23 11 2022,769.4593506
24 11 2022,781.9697876
25 11 2022,778.3610229
28 11 2022,769.9887085
29 11 2022,768.8338623
30 11 2022,773.9342651
01 12 2022,779.2512207
02 12 2022,773.284729
05 12 2022,776.0995483
06 12 2022,775.2334595
07 12 2022,774.8965454
08 12 2022,779.2512207
09 12 2022,784.8087158
12 12 2022,790.9194946
13 12 2022,793.1088867
14 12 2022,799.821106
15 12 2022,785.1696167
16 12 2022,788.9466553
19 12 2022,791.4006958
20 12 2022,785.9393921
21 12 2022,778.3369141
22 12 2022,775.6665649
23 12 2022,768.7376709
26 12 2022,784.0387573
27 12 2022,784.8327637
28 12 2022,784.2071533
29 12 2022,789.7406006
30 12 2022,783.413269
02 01 2023,783.6779175
03 01 2023,788.8023071
04 01 2023,774.7041626
05 01 2023,769.723999
06 01 2023,767.1738892
09 01 2023,768.6654663
10 01 2023,754.6153564
11 01 2023,765.4897461
12 01 2023,769.5797119
13 01 2023,770.1812134
16 01 2023,762.7952881
17 01 2023,774.1508179
18 01 2023,787.81604
19 01 2023,791.0878906
20 01 2023,799.1955566
23 01 2023,805.0418091
24 01 2023,815.8198853
25 01 2023,793.2772217
27 01 2023,777.4708862
30 01 2023,776.677002
31 01 2023,771.5524902
01 02 2023,783.1245728
02 02 2023,771.4802856
03 02 2023,798.1610718
06 02 2023,794.7688599
07 02 2023,795.9476929
08 02 2023,795.8514404
09 02 2023,794.1914673
10 02 2023,797.3431396
13 02 2023,797.944519
14 02 2023,805.3304443
15 02 2023,803.694519
16 02 2023,800.7834473
17 02 2023,796.765686
20 02 2023,789.2834473
21 02 2023,792.2426758
22 02 2023,776.7009277
23 02 2023,771.4321899
24 02 2023,764.5515137
27 02 2023,766.4520874
28 02 2023,769.6758423
01 03 2023,768.9301147
02 03 2023,762.3861694
03 03 2023,777.5189819
06 03 2023,783.0043335
08 03 2023,784.5681152
09 03 2023,784.6402588
10 03 2023,764.4071655
13 03 2023,754.7356567
14 03 2023,752.7147827
15 03 2023,741.9126587
16 03 2023,746.7243042
17 03 2023,756.7084961
20 03 2023,751.4637451
21 03 2023,759.9804077
22 03 2023,758.2241821
23 03 2023,752.1373901
24 03 2023,750.9344482
27 03 2023,754.2063599
28 03 2023,760.3412476
29 03 2023,763.99823
31 03 2023,774.463562
03 04 2023,774.9447021
05 04 2023,795.7311401
06 04 2023,801.7938843
10 04 2023,797.9926147
11 04 2023,800.326355
12 04 2023,810.7196045
13 04 2023,814.352356
17 04 2023,801.9382935
18 04 2023,798.5460205
19 04 2023,801.4810791
20 04 2023,804.4643555
21 04 2023,805.7634888
24 04 2023,812.2833862
25 04 2023,800.7352905
26 04 2023,804.4162598
27 04 2023,808.8430176
28 04 2023,812.0186768
02 05 2023,811.8502808
03 05 2023,814.6891479
04 05 2023,831.3616943
05 05 2023,782.2103882
08 05 2023,791.2563477
09 05 2023,791.2803345
10 05 2023,794.9371948
11 05 2023,795.4664917
12 05 2023,802.4916382
15 05 2023,806.3409424
16 05 2023,801.7174683
17 05 2023,797.4102173
18 05 2023,800.5980225
19 05 2023,801.5227661
22 05 2023,798.6755981
23 05 2023,796.8018188
24 05 2023,786.3868408
25 05 2023,783.3693237
26 05 2023,786.3868408
29 05 2023,795.9744873
30 05 2023,796.5828857
31 05 2023,783.9777222
01 06 2023,780.6439209
02 06 2023,781.8605957
05 06 2023,780.838562
06 06 2023,778.4052124
07 06 2023,782.4446411
08 06 2023,782.9312744
09 06 2023,783.8560791
12 06 2023,779.0865479
13 06 2023,780.4005127
14 06 2023,779.5488281
15 06 2023,769.9611816
16 06 2023,780.0355225
19 06 2023,780.7169189
20 06 2023,782.3473511
21 06 2023,796.0231934
22 06 2023,799.916687
23 06 2023,799.868042
26 06 2023,795.9988403
27 06 2023,807.21698
28 06 2023,815.7583008
30 06 2023,828.0471191
03 07 2023,837.0021362
04 07 2023,841.090332
05 07 2023,814.3712158
06 07 2023,815.1986084
07 07 2023,808.0930176
10 07 2023,806.1705933
11 07 2023,802.2528076
12 07 2023,794.7334595
13 07 2023,798.6999512
14 07 2023,800.3547363
17 07 2023,817.0966797
18 07 2023,816.4153442
19 07 2023,820.1140747
20 07 2023,821.8905029
21 07 2023,815.5636597
24 07 2023,816.8533325
25 07 2023,825.7110596
26 07 2023,822.8395386
27 07 2023,814.2982788
28 07 2023,799.868042
31 07 2023,803.6154175
01 08 2023,808.9934082
02 08 2023,798.407959
03 08 2023,792.6407471
04 08 2023,804.1021118
07 08 2023,803.6398315
08 08 2023,802.9828491
09 08 2023,803.2747803
10 08 2023,796.1448364
11 08 2023,787.8468628
14 08 2023,784.0020752
16 08 2023,781.7145996
17 08 2023,777.3831787
18 08 2023,774.1953125
21 08 2023,773.5869141
22 08 2023,770.2775269
23 08 2023,772.1755371
24 08 2023,768.6228027
25 08 2023,759.9597778
28 08 2023,767.8684082
29 08 2023,773.9763184
30 08 2023,768.3307495
31 08 2023,764.8022461
01 09 2023,766.3840332
04 09 2023,771.1779785
05 09 2023,766.4813843
06 09 2023,776.5070801
07 09 2023,783.9777222
08 09 2023,790.0856323
11 09 2023,794.1738281
12 09 2023,796.6558838
13 09 2023,800.0626831
14 09 2023,799.5759888
15 09 2023,808.750061
18 09 2023,792.8354492
20 09 2023,761.0305176
21 09 2023,755.9932861
22 09 2023,744.4588623
25 09 2023,745.1158447
26 09 2023,748.3522949
27 09 2023,743.0960693
28 09 2023,741.5630493
29 09 2023,742.8284302
03 10 2023,733.9464111
04 10 2023,744.4101563
05 10 2023,747.4276123
06 10 2023,746.6003418
09 10 2023,737.9372559
